Handle,Title,SEO Title,SEO Description
rule-1-bar1-protein-bar,Rule 1 Bar1 Protein Bar,Rule 1 Bar1 Protein Bar | Buy Online | Suppz.com,"Buy Rule 1 Bar1 Protein Bar at Suppz.com. Premium quality supplement for your fitness goals. Fast shipping, best prices. Shop now!"
barebells-plant-based-protein-bar,Barebells Plant Based Protein Bar,Barebells Plant Based Protein Bar | Buy Online | Suppz.com,"Buy Barebells Plant Based Protein Bar at Suppz.com. Premium quality supplement for your fitness goals. Fast shipping, best prices. Shop now!"
nutrex-volu-gro-superior-creatine-and-glycogen-loader,Nutrex Volu Gro Superior Creatine and Glycogen Loader,Nutrex Volu Gro Superior Creatine and Glycoge... | Suppz.com,"Buy Nutrex Volu Gro Superior Creatine and Glycogen Loader at Suppz.com. Premium quality supplement for your fitness goals. Fast shipping, best prices. S..."
ryse-loaded-pre,Ryse Loaded Pre,Ryse Loaded Pre | Buy Online | Suppz.com,"Buy Ryse Loaded Pre at Suppz.com. Premium quality supplement for your fitness goals. Fast shipping, best prices. Shop now!"
hi-tech-pharma-liver-rx-90-caps,Hi Tech Pharma Liver-RX 90 Caps,Hi Tech Pharma Liver-RX 90 Caps | Buy Online | Suppz.com,"Buy Hi Tech Pharma Liver-RX 90 Caps at Suppz.com. Premium quality supplement for your fitness goals. Fast shipping, best prices. Shop now!"
hi-tech-winstrol-90tabs,Hi Tech Winstrol (90 Tabs),Hi Tech Winstrol (90 Tabs) | Buy Online | Suppz.com,"Buy Hi Tech Winstrol (90 Tabs) at Suppz.com. Legal winstrol alternative for hardening and definition. Fast shipping, best prices. Shop now!"
gorilla-mine-gorilla-mode-pre-workout-formula,Gorilla Mine Gorilla Mode Pre-Workout Formula,Gorilla Mine Gorilla Mode Pre-Workout Formula... | Suppz.com,"Buy Gorilla Mine Gorilla Mode Pre-Workout Formula at Suppz.com. Premium quality supplement for your fitness goals. Fast shipping, best prices. Shop now!"
purus-labs-noxygen-preworkout,Purus Labs Noxygen Preworkout,Purus Labs Noxygen Preworkout | Buy Online | Suppz.com,"Buy Purus Labs Noxygen Preworkout at Suppz.com. Premium quality supplement for your fitness goals. Fast shipping, best prices. Shop now!"
blackstone-labs-paraburn-60caps,Blackstone labs Paraburn 60Caps,Blackstone labs Paraburn 60Caps | Buy Online | Suppz.com,"Buy Blackstone labs Paraburn 60Caps at Suppz.com. Premium quality supplement for your fitness goals. Fast shipping, best prices. Shop now!"
glaxon-goon-mode,Glaxon Goon Mode,Glaxon Goon Mode | Buy Online | Suppz.com,"Buy Glaxon Goon Mode at Suppz.com. Premium quality supplement for your fitness goals. Fast shipping, best prices. Shop now!"
repp-sports-recov-7,Repp Sports Recov-7,Repp Sports Recov-7 | Buy Online | Suppz.com,"Buy Repp Sports Recov-7 at Suppz.com. Premium quality supplement for your fitness goals. Fast shipping, best prices. Shop now!"
repp-sports-raze-focus-60-caps,Repp Sports Raze Focus (60 Caps),Repp Sports Raze Focus (60 Caps) | Buy Online | Suppz.com,"Buy Repp Sports Raze Focus (60 Caps) at Suppz.com. Premium quality supplement for your fitness goals. Fast shipping, best prices. Shop now!"
ehp-labs-oxyglow-natural-marine-collagen,EHP Labs OxyGlow Natural Marine Collagen,EHP Labs OxyGlow Natural Marine Collagen... | Suppz.com,"Buy EHP Labs OxyGlow Natural Marine Collagen at Suppz.com. Premium quality supplement for your fitness goals. Fast shipping, best prices. Shop now!"
ehp-labs-enhanced-performance-vitamins,EHP Labs Enhanced Performance Vitamins,EHP Labs Enhanced Performance Vitamins... | Suppz.com,"Buy EHP Labs Enhanced Performance Vitamins at Suppz.com. Premium quality supplement for your fitness goals. Fast shipping, best prices. Shop now!"
ehp-labs-inner-health-detox-for-women-120-caps,EHP Labs Inner Health Detox for Women (120 Caps),EHP Labs Inner Health Detox for Women (120 Ca... | Suppz.com,"Buy EHP Labs Inner Health Detox for Women (120 Caps) at Suppz.com. Premium quality supplement for your fitness goals. Fast shipping, best prices. Shop now!"
ehp-labs-oxyrem-fat-burner,EHP Labs OxyRem Fat Burner,EHP Labs OxyRem Fat Burner | Buy Online | Suppz.com,"Buy EHP Labs OxyRem Fat Burner at Suppz.com. Premium quality supplement for your fitness goals. Fast shipping, best prices. Shop now!"
ehp-labs-pride,EHP Labs Pride,EHP Labs Pride | Buy Online | Suppz.com,"Buy EHP Labs Pride at Suppz.com. Premium quality supplement for your fitness goals. Fast shipping, best prices. Shop now!"
ehp-labs-oxyshred-non-stim,EHP Labs OxyShred Non-Stim,EHP Labs OxyShred Non-Stim | Buy Online | Suppz.com,"Buy EHP Labs OxyShred Non-Stim at Suppz.com. Premium quality supplement for your fitness goals. Fast shipping, best prices. Shop now!"
ehp-labs-oxyshred-hardcore,EHP Labs OxyShred Hardcore,EHP Labs OxyShred Hardcore | Buy Online | Suppz.com,"Buy EHP Labs OxyShred Hardcore at Suppz.com. Premium quality supplement for your fitness goals. Fast shipping, best prices. Shop now!"
selfe-delta-8-thc-gummies,SelfE Delta 8 THC Gummies,SelfE Delta 8 THC Gummies | Buy Online | Suppz.com,"Buy SelfE Delta 8 THC Gummies at Suppz.com. Premium quality supplement for your fitness goals. Fast shipping, best prices. Shop now!"
xcel-sports-nutrition-phenibut-90caps,XCEL Sports Nutrition Phenibut 90Caps,XCEL Sports Nutrition Phenibut 90Caps... | Suppz.com,"Buy XCEL Sports Nutrition Phenibut 90Caps at Suppz.com. Premium quality supplement for your fitness goals. Fast shipping, best prices. Shop now!"
suppz-com-100-pure-micronized-creatine-300g,Suppz.com 100% Pure Micronized Creatine 300g,Suppz.com 100% Pure Micronized Creatine 300g... | Suppz.com,"Buy Suppz.com 100% Pure Micronized Creatine 300g at Suppz.com. Premium quality supplement for your fitness goals. Fast shipping, best prices. Shop now!"
cytosport-muscle-milk-creatine-500g,Cytosport Muscle Milk Creatine (500g),Cytosport Muscle Milk Creatine (500g)... | Suppz.com,"Buy Cytosport Muscle Milk Creatine (500g) at Suppz.com. Premium quality supplement for your fitness goals. Fast shipping, best prices. Shop now!"
puritans-pride-b-complex-with-b-12-90-tabs,Puritan's Pride B-Complex with B-12 (90 Tabs),Puritan's Pride B-Complex with B-12 (90 Tabs)... | Suppz.com,"Buy Puritan's Pride B-Complex with B-12 (90 Tabs) at Suppz.com. Premium quality supplement for your fitness goals. Fast shipping, best prices. Shop now!"
black-magic-supply-magic-eraser-advanced-definition-gel-12oz-bottle,Black Magic Supply Magic Eraser Advanced Definition Gel (12oz Bottle),Black Magic Supply Magic Eraser Advanced Defi... | Suppz.com,Buy Black Magic Supply Magic Eraser Advanced Definition Gel (12oz Bottle) at Suppz.com. Premium quality supplement for your fitness goals. Fast shipping...
hi-tech-nac-100-caps,Hi Tech NAC (100 Caps),Hi Tech NAC (100 Caps) | Buy Online | Suppz.com,"Buy Hi Tech NAC (100 Caps) at Suppz.com. Premium quality supplement for your fitness goals. Fast shipping, best prices. Shop now!"
muscletech-alphatest-120-caps,Muscletech AlphaTest (120 Caps),Muscletech AlphaTest (120 Caps) | Buy Online | Suppz.com,"Buy Muscletech AlphaTest (120 Caps) at Suppz.com. Premium quality supplement for your fitness goals. Fast shipping, best prices. Shop now!"
arsenal-labs-fmj-preworkout,Arsenal Labs FMJ Preworkout,Arsenal Labs FMJ Preworkout | Buy Online | Suppz.com,"Buy Arsenal Labs FMJ Preworkout at Suppz.com. Premium quality supplement for your fitness goals. Fast shipping, best prices. Shop now!"
1st-phorm-bcaa,1st Phorm BCAA,1st Phorm BCAA | Buy Online | Suppz.com,"Buy 1st Phorm BCAA at Suppz.com. Premium quality supplement for your fitness goals. Fast shipping, best prices. Shop now!"
metabolic-nutrition-stimulean-45-caps,Metabolic Nutrition Stimulean  (45 Caps),Metabolic Nutrition Stimulean  (45 Caps)... | Suppz.com,"Buy Metabolic Nutrition Stimulean  (45 Caps) at Suppz.com. Premium quality supplement for your fitness goals. Fast shipping, best prices. Shop now!"
metabolic-nutrition-phenodrex-60-caps,Metabolic Nutrition Phenodrex (60 Caps),Metabolic Nutrition Phenodrex (60 Caps)... | Suppz.com,"Buy Metabolic Nutrition Phenodrex (60 Caps) at Suppz.com. Premium quality supplement for your fitness goals. Fast shipping, best prices. Shop now!"
ultimate-nutrition-creatine-300g,Ultimate Nutrition Creatine 300g,Ultimate Nutrition Creatine 300g | Buy Online | Suppz.com,"Buy Ultimate Nutrition Creatine 300g at Suppz.com. Premium quality supplement for your fitness goals. Fast shipping, best prices. Shop now!"
gillette-proglide-refill-8-cartridges,Gillette Proglide Refill (8 Cartridges),Gillette Proglide Refill (8 Cartridges)... | Suppz.com,"Buy Gillette Proglide Refill (8 Cartridges) at Suppz.com. Premium quality supplement for your fitness goals. Fast shipping, best prices. Shop now!"
nutrex-creatine-drive,Nutrex Creatine Drive,Nutrex Creatine Drive | Buy Online | Suppz.com,"Buy Nutrex Creatine Drive at Suppz.com. Premium quality supplement for your fitness goals. Fast shipping, best prices. Shop now!"
nutrex-zma-90-caps,Nutrex ZMA (90 Caps),Nutrex ZMA (90 Caps) | Buy Online | Suppz.com,"Buy Nutrex ZMA (90 Caps) at Suppz.com. Premium quality supplement for your fitness goals. Fast shipping, best prices. Shop now!"
nutrex-l-arginine-1000-120-caps,Nutrex L-Arginine 1000 (120 Caps),Nutrex L-Arginine 1000 (120 Caps) | Buy Online | Suppz.com,"Buy Nutrex L-Arginine 1000 (120 Caps) at Suppz.com. Premium quality supplement for your fitness goals. Fast shipping, best prices. Shop now!"
rich-piana-all-day-you-shred,Rich Piana All Day You Shred,Rich Piana All Day You Shred | Buy Online | Suppz.com,"Buy Rich Piana All Day You Shred at Suppz.com. Premium quality supplement for your fitness goals. Fast shipping, best prices. Shop now!"
mts-nutrition-machine-greens-multi-180-caps,MTS Nutrition Machine Greens + Multi (180 Caps),MTS Nutrition Machine Greens + Multi (180 Cap... | Suppz.com,"Buy MTS Nutrition Machine Greens + Multi (180 Caps) at Suppz.com. Premium quality supplement for your fitness goals. Fast shipping, best prices. Shop now!"
trilliant-labs-male-trt-120-caps,Trilliant Labs Male TRT (120 Caps),Trilliant Labs Male TRT (120 Caps) | Buy Online | Suppz.com,"Buy Trilliant Labs Male TRT (120 Caps) at Suppz.com. Premium quality supplement for your fitness goals. Fast shipping, best prices. Shop now!"
phase-one-nutrition-pump-phase-extreme-120-caps,Phase One Nutrition Pump Phase Extreme (120 Caps),Phase One Nutrition Pump Phase Extreme (120 C... | Suppz.com,"Buy Phase One Nutrition Pump Phase Extreme (120 Caps) at Suppz.com. Premium quality supplement for your fitness goals. Fast shipping, best prices. Shop ..."
apollon-nutrition-hard-target-90-caps,Apollon Nutrition Hard Target (90 Caps),Apollon Nutrition Hard Target (90 Caps)... | Suppz.com,"Buy Apollon Nutrition Hard Target (90 Caps) at Suppz.com. Premium quality supplement for your fitness goals. Fast shipping, best prices. Shop now!"
apollon-nutrition-assassin-black-tulip,Apollon Nutrition Assassin Black Tulip,Apollon Nutrition Assassin Black Tulip... | Suppz.com,"Buy Apollon Nutrition Assassin Black Tulip at Suppz.com. Premium quality supplement for your fitness goals. Fast shipping, best prices. Shop now!"
goli-nutrition-ashwagandha-gummies,Goli Nutrition Ashwagandha Gummies,Goli Nutrition Ashwagandha Gummies | Buy Online | Suppz.com,"Buy Goli Nutrition Ashwagandha Gummies at Suppz.com. Premium quality supplement for your fitness goals. Fast shipping, best prices. Shop now!"
goli-nutrition-superfruits-gummies,Goli Nutrition Superfruits Gummies,Goli Nutrition Superfruits Gummies | Buy Online | Suppz.com,"Buy Goli Nutrition Superfruits Gummies at Suppz.com. Premium quality supplement for your fitness goals. Fast shipping, best prices. Shop now!"
proven-pre-workout,Proven Pre Workout,Proven Pre Workout | Buy Online | Suppz.com,"Buy Proven Pre Workout at Suppz.com. Premium quality supplement for your fitness goals. Fast shipping, best prices. Shop now!"
hi-tech-pharma-halotestin-60caps,Hi Tech Halotestin 60 Caps,Hi Tech Halotestin 60 Caps | Buy Online | Suppz.com,"Buy Hi Tech Halotestin 60 Caps at Suppz.com. Premium quality supplement for your fitness goals. Fast shipping, best prices. Shop now!"
man-sports-brain-bridge-1,Man Sports Brain Bridge,Man Sports Brain Bridge | Buy Online | Suppz.com,"Buy Man Sports Brain Bridge at Suppz.com. Premium quality supplement for your fitness goals. Fast shipping, best prices. Shop now!"
paradigm-pharma-oxy-elite-2-0-og-60-caps,Paradigm Pharma Oxy OG Elite 2.0 (60 Caps),Paradigm Pharma Oxy OG Elite 2.0 (60 Caps)... | Suppz.com,"Buy Paradigm Pharma Oxy OG Elite 2.0 (60 Caps) at Suppz.com. Premium quality supplement for your fitness goals. Fast shipping, best prices. Shop now!"
hi-tech-redux-60-caps,Hi Tech Redux (60 Caps),Hi Tech Redux (60 Caps) | Buy Online | Suppz.com,"Buy Hi Tech Redux (60 Caps) at Suppz.com. Premium quality supplement for your fitness goals. Fast shipping, best prices. Shop now!"
hi-tech-coq10-120caps,Hi Tech CoQ10 (120 Caps),Hi Tech CoQ10 (120 Caps) | Buy Online | Suppz.com,"Buy Hi Tech CoQ10 (120 Caps) at Suppz.com. Premium quality supplement for your fitness goals. Fast shipping, best prices. Shop now!"
